{"stats":{"minecraft:used":{"minecraft:netherite_sword":134,"minecraft:flint_and_steel":8,"minecraft:iron_golem_spawn_egg":23,"minecraft:farmland":3,"minecraft:torch":3,"minecraft:anvil":1,"minecraft:carrot":29,"minecraft:crossbow":3,"minecraft:cake":3,"minecraft:oak_log":1,"minecraft:dark_oak_log":7,"minecraft:grass_block":1,"minecraft:bread":1,"minecraft:netherite_axe":11,"minecraft:cobblestone":2,"minecraft:ominous_bottle":5,"minecraft:goat_horn":2,"minecraft:white_banner":4,"minecraft:glass_pane":1,"minecraft:pumpkin_pie":1,"minecraft:jukebox":7,"minecraft:bone_meal":123,"minecraft:lime_candle":7},"minecraft:dropped":{"minecraft:iron_ingot":67,"minecraft:wheat_seeds":1,"minecraft:ominous_bottle":1,"minecraft:music_disc_otherside":1,"minecraft:music_disc_relic":1,"minecraft:rotten_flesh":1,"minecraft:lead":2,"minecraft:leather":6,"minecraft:saddle":1,"minecraft:music_disc_pigstep":1,"minecraft:grass_block":1,"minecraft:carrot":59,"minecraft:coal":64,"minecraft:music_disc_creator_music_box":3,"minecraft:flint_and_steel":1,"minecraft:music_disc_creator":5,"minecraft:music_disc_11":1,"minecraft:poppy":13,"minecraft:dirt":1,"minecraft:dark_oak_log":1,"minecraft:gunpowder":3,"minecraft:ink_sac":3,"minecraft:wooden_axe":1,"minecraft:cake":10,"minecraft:music_disc_precipice":1,"minecraft:pumpkin_pie":1,"minecraft:music_disc_wait":5,"minecraft:lime_candle":4},"minecraft:picked_up":{"minecraft:music_disc_5":1,"minecraft:ominous_bottle":2,"minecraft:lead":2,"minecraft:leather":6,"minecraft:music_disc_creator":5,"minecraft:gunpowder":3,"minecraft:dirt":1,"minecraft:white_banner":4,"minecraft:wheat_seeds":2,"minecraft:music_disc_otherside":2,"minecraft:iron_ingot":67,"minecraft:poppy":13,"minecraft:sugar_cane":3,"minecraft:music_disc_relic":1,"minecraft:cake":9,"minecraft:music_disc_11":2,"minecraft:ink_sac":3,"minecraft:carrot":19,"minecraft:music_disc_creator_music_box":3,"minecraft:lime_candle":3,"minecraft:rotten_flesh":1,"minecraft:pumpkin_pie":1,"minecraft:crossbow":7,"minecraft:bone_meal":2,"minecraft:saddle":1,"minecraft:emerald":14,"minecraft:music_disc_precipice":1,"minecraft:music_disc_wait":4,"minecraft:coal":48},"minecraft:killed":{"minecraft:vindicator":1,"minecraft:spider":1,"minecraft:iron_golem":24,"minecraft:wandering_trader":1,"minecraft:creeper":4,"minecraft:squid":1,"minecraft:skeleton":1,"minecraft:trader_llama":1,"minecraft:pillager":54,"minecraft:enderman":1,"minecraft:cow":1},"minecraft:crafted":{"minecraft:emerald":16,"minecraft:cod_bucket":2},"minecraft:custom":{"minecraft:mob_kills":90,"minecraft:interact_with_anvil":2,"minecraft:animals_bred":1,"minecraft:play_record":15,"minecraft:traded_with_villager":18,"minecraft:raid_trigger":1,"minecraft:bell_ring":8,"minecraft:eat_cake_slice":14,"minecraft:leave_game":3,"minecraft:time_since_death":78737,"minecraft:climb_one_cm":60,"minecraft:sleep_in_bed":3,"minecraft:time_since_rest":2343,"minecraft:sprint_one_cm":69531,"minecraft:damage_taken":288,"minecraft:walk_one_cm":151199,"minecraft:drop":155,"minecraft:damage_dealt":36315,"minecraft:swim_one_cm":10284,"minecraft:talked_to_villager":8,"minecraft:fly_one_cm":730173,"minecraft:raid_win":1,"minecraft:open_chest":2,"minecraft:crouch_one_cm":889,"minecraft:play_time":78737,"minecraft:sneak_time":664,"minecraft:walk_under_water_one_cm":4965,"minecraft:jump":462,"minecraft:walk_on_water_one_cm":5248,"minecraft:total_world_time":78737,"minecraft:fall_one_cm":894},"minecraft:mined":{"minecraft:short_grass":4}},"DataVersion":3953}