{"stats":{"minecraft:picked_up":{"minecraft:white_banner":2,"minecraft:lime_candle":2,"minecraft:ominous_bottle":2,"minecraft:music_disc_relic":1,"minecraft:music_disc_otherside":2,"minecraft:crossbow":7,"minecraft:music_disc_creator":4,"minecraft:cake":7,"minecraft:music_disc_11":2,"minecraft:music_disc_precipice":1,"minecraft:music_disc_wait":4,"minecraft:music_disc_creator_music_box":3,"minecraft:music_disc_5":1},"minecraft:used":{"minecraft:netherite_sword":134,"minecraft:flint_and_steel":8,"minecraft:dark_oak_log":4,"minecraft:ominous_bottle":4,"minecraft:goat_horn":2,"minecraft:white_banner":4,"minecraft:crossbow":3,"minecraft:cake":3,"minecraft:jukebox":7,"minecraft:lime_candle":7},"minecraft:killed":{"minecraft:spider":1,"minecraft:pillager":48},"minecraft:custom":{"minecraft:time_since_rest":29895,"minecraft:open_chest":2,"minecraft:crouch_one_cm":561,"minecraft:walk_one_cm":90158,"minecraft:play_time":29895,"minecraft:sprint_one_cm":26394,"minecraft:damage_taken":225,"minecraft:sneak_time":300,"minecraft:mob_kills":49,"minecraft:drop":13,"minecraft:jump":260,"minecraft:eat_cake_slice":14,"minecraft:damage_dealt":11156,"minecraft:play_record":15,"minecraft:time_since_death":29895,"minecraft:total_world_time":29895,"minecraft:fly_one_cm":133282},"minecraft:dropped":{"minecraft:music_disc_wait":1,"minecraft:ominous_bottle":1,"minecraft:cake":7,"minecraft:music_disc_creator_music_box":1,"minecraft:music_disc_creator":2,"minecraft:music_disc_11":1}},"DataVersion":3953}