{"stats":{"minecraft:crafted":{"minecraft:emerald":16,"minecraft:cod_bucket":2},"minecraft:mined":{"minecraft:short_grass":4},"minecraft:picked_up":{"minecraft:music_disc_5":1,"minecraft:ominous_bottle":2,"minecraft:leather":6,"minecraft:lead":2,"minecraft:music_disc_creator":5,"minecraft:gunpowder":3,"minecraft:white_banner":4,"minecraft:music_disc_otherside":2,"minecraft:iron_ingot":67,"minecraft:poppy":13,"minecraft:sugar_cane":3,"minecraft:music_disc_relic":1,"minecraft:cake":9,"minecraft:music_disc_11":2,"minecraft:carrot":19,"minecraft:music_disc_creator_music_box":3,"minecraft:lime_candle":3,"minecraft:rotten_flesh":1,"minecraft:pumpkin_pie":1,"minecraft:crossbow":7,"minecraft:bone_meal":2,"minecraft:saddle":1,"minecraft:emerald":14,"minecraft:music_disc_precipice":1,"minecraft:music_disc_wait":4,"minecraft:coal":48},"minecraft:killed":{"minecraft:spider":1,"minecraft:vindicator":1,"minecraft:iron_golem":24,"minecraft:wandering_trader":1,"minecraft:creeper":4,"minecraft:skeleton":1,"minecraft:trader_llama":1,"minecraft:pillager":54,"minecraft:cow":1},"minecraft:used":{"minecraft:netherite_sword":134,"minecraft:flint_and_steel":8,"minecraft:iron_golem_spawn_egg":23,"minecraft:farmland":3,"minecraft:anvil":1,"minecraft:carrot":28,"minecraft:crossbow":3,"minecraft:cake":3,"minecraft:dark_oak_log":7,"minecraft:grass_block":1,"minecraft:bread":1,"minecraft:netherite_axe":11,"minecraft:ominous_bottle":5,"minecraft:goat_horn":2,"minecraft:white_banner":4,"minecraft:jukebox":7,"minecraft:bone_meal":123,"minecraft:lime_candle":7},"minecraft:custom":{"minecraft:mob_kills":88,"minecraft:interact_with_anvil":2,"minecraft:animals_bred":1,"minecraft:play_record":15,"minecraft:traded_with_villager":18,"minecraft:raid_trigger":1,"minecraft:bell_ring":8,"minecraft:eat_cake_slice":14,"minecraft:time_since_death":59895,"minecraft:sleep_in_bed":2,"minecraft:time_since_rest":22843,"minecraft:sprint_one_cm":54822,"minecraft:damage_taken":288,"minecraft:walk_one_cm":135468,"minecraft:drop":96,"minecraft:damage_dealt":35816,"minecraft:swim_one_cm":5429,"minecraft:talked_to_villager":8,"minecraft:fly_one_cm":534178,"minecraft:raid_win":1,"minecraft:open_chest":2,"minecraft:crouch_one_cm":628,"minecraft:play_time":59895,"minecraft:sneak_time":507,"minecraft:walk_under_water_one_cm":740,"minecraft:jump":378,"minecraft:walk_on_water_one_cm":2885,"minecraft:total_world_time":59895,"minecraft:fall_one_cm":894},"minecraft:dropped":{"minecraft:ominous_bottle":1,"minecraft:music_disc_otherside":1,"minecraft:music_disc_relic":1,"minecraft:music_disc_pigstep":1,"minecraft:grass_block":1,"minecraft:carrot":58,"minecraft:coal":64,"minecraft:music_disc_creator_music_box":3,"minecraft:flint_and_steel":1,"minecraft:music_disc_creator":5,"minecraft:music_disc_11":1,"minecraft:dark_oak_log":1,"minecraft:wooden_axe":1,"minecraft:cake":10,"minecraft:music_disc_precipice":1,"minecraft:music_disc_wait":5,"minecraft:lime_candle":4}},"DataVersion":3953}