{"stats":{"minecraft:picked_up":{"minecraft:music_disc_5":1,"minecraft:ominous_bottle":2,"minecraft:music_disc_relic":1,"minecraft:music_disc_creator":5,"minecraft:cake":9,"minecraft:music_disc_11":2,"minecraft:carrot":19,"minecraft:music_disc_creator_music_box":3,"minecraft:white_banner":2,"minecraft:lime_candle":3,"minecraft:music_disc_otherside":2,"minecraft:crossbow":7,"minecraft:music_disc_precipice":1,"minecraft:music_disc_wait":4},"minecraft:killed":{"minecraft:pillager":48,"minecraft:spider":1},"minecraft:used":{"minecraft:netherite_sword":134,"minecraft:dark_oak_log":7,"minecraft:flint_and_steel":8,"minecraft:grass_block":1,"minecraft:ominous_bottle":4,"minecraft:white_banner":4,"minecraft:goat_horn":2,"minecraft:crossbow":3,"minecraft:bone_meal":52,"minecraft:cake":3,"minecraft:jukebox":7,"minecraft:lime_candle":7},"minecraft:custom":{"minecraft:time_since_rest":4843,"minecraft:sprint_one_cm":33303,"minecraft:damage_taken":225,"minecraft:walk_one_cm":109209,"minecraft:mob_kills":49,"minecraft:drop":95,"minecraft:animals_bred":1,"minecraft:damage_dealt":11156,"minecraft:play_record":15,"minecraft:talked_to_villager":2,"minecraft:fly_one_cm":298584,"minecraft:open_chest":2,"minecraft:crouch_one_cm":561,"minecraft:play_time":41895,"minecraft:sneak_time":329,"minecraft:jump":298,"minecraft:eat_cake_slice":14,"minecraft:time_since_death":41895,"minecraft:sleep_in_bed":2,"minecraft:total_world_time":41895},"minecraft:dropped":{"minecraft:dark_oak_log":1,"minecraft:ominous_bottle":1,"minecraft:music_disc_otherside":1,"minecraft:wooden_axe":1,"minecraft:cake":10,"minecraft:music_disc_precipice":1,"minecraft:music_disc_relic":1,"minecraft:music_disc_wait":5,"minecraft:lime_candle":4,"minecraft:music_disc_pigstep":1,"minecraft:grass_block":1,"minecraft:carrot":58,"minecraft:music_disc_creator_music_box":3,"minecraft:flint_and_steel":1,"minecraft:music_disc_creator":5,"minecraft:music_disc_11":1}},"DataVersion":3953}