{"stats":{"minecraft:picked_up":{"minecraft:white_banner":2,"minecraft:ominous_bottle":2,"minecraft:music_disc_relic":1,"minecraft:crossbow":7,"minecraft:music_disc_11":2,"minecraft:music_disc_5":1},"minecraft:used":{"minecraft:netherite_sword":134,"minecraft:ominous_bottle":4,"minecraft:goat_horn":2,"minecraft:white_banner":4,"minecraft:crossbow":3,"minecraft:jukebox":5},"minecraft:killed":{"minecraft:spider":1,"minecraft:pillager":48},"minecraft:custom":{"minecraft:time_since_rest":17895,"minecraft:open_chest":1,"minecraft:walk_one_cm":57111,"minecraft:play_time":17895,"minecraft:sprint_one_cm":20501,"minecraft:damage_taken":225,"minecraft:mob_kills":49,"minecraft:drop":2,"minecraft:jump":197,"minecraft:damage_dealt":11146,"minecraft:play_record":3,"minecraft:time_since_death":17895,"minecraft:total_world_time":17895,"minecraft:fly_one_cm":102899},"minecraft:dropped":{"minecraft:ominous_bottle":1,"minecraft:music_disc_11":1}},"DataVersion":3953}