{"stats":{"minecraft:picked_up":{"minecraft:crossbow":4,"minecraft:ominous_bottle":1,"minecraft:white_banner":1},"minecraft:killed":{"minecraft:pillager":27},"minecraft:used":{"minecraft:netherite_sword":68},"minecraft:custom":{"minecraft:jump":108,"minecraft:time_since_rest":5895,"minecraft:damage_dealt":6439,"minecraft:sprint_one_cm":9714,"minecraft:play_time":5895,"minecraft:damage_taken":225,"minecraft:time_since_death":5895,"minecraft:walk_one_cm":18241,"minecraft:total_world_time":5895,"minecraft:mob_kills":27,"minecraft:fly_one_cm":52415}},"DataVersion":3953}